City_ID,City,Lat,Lng,Max Temp,Humidity,Cloudiness,Wind Speed,Country,Date,Current Description
0,Vaini,-21.2,-175.2,75.36,83,73,22.06,TO,2022-08-02 21:05:34,broken clouds
1,Tres Passos,-27.4556,-53.9319,69.12,81,43,4.21,BR,2022-08-02 21:10:25,scattered clouds
2,Rikitea,-23.1203,-134.9692,72.14,77,83,21.72,PF,2022-08-02 21:02:47,light rain
3,Cape Town,-33.9258,18.4232,56.91,89,8,8.01,ZA,2022-08-02 21:05:28,clear sky
4,Torbay,47.6666,-52.7314,75.88,67,73,3.0,CA,2022-08-02 21:10:25,broken clouds
5,Bredasdorp,-34.5322,20.0403,49.96,85,53,2.44,ZA,2022-08-02 21:10:26,broken clouds
6,Rawson,-43.3002,-65.1023,48.54,49,0,10.09,AR,2022-08-02 21:10:26,clear sky
7,Avarua,-21.2078,-159.775,77.05,50,75,12.66,CK,2022-08-02 21:04:38,broken clouds
8,Puerto Ayora,-0.7393,-90.3518,72.55,82,56,10.0,EC,2022-08-02 21:02:40,broken clouds
9,Marawi,7.9986,124.2928,67.37,92,74,2.84,PH,2022-08-02 21:10:27,broken clouds
10,Eydhafushi,5.1033,73.0708,81.01,75,100,22.1,MV,2022-08-02 21:10:27,overcast clouds
11,Esperance,-33.8667,121.9,50.7,66,36,33.04,AU,2022-08-02 21:05:38,scattered clouds
12,Port Elizabeth,-33.918,25.5701,55.31,83,2,1.99,ZA,2022-08-02 21:10:28,clear sky
13,Butaritari,3.0707,172.7902,81.82,76,99,16.73,KI,2022-08-02 21:07:20,overcast clouds
14,Dikson,73.5069,80.5464,42.71,87,72,7.83,RU,2022-08-02 21:04:40,broken clouds
15,Itarema,-2.9248,-39.9167,78.69,80,42,14.97,BR,2022-08-02 21:10:28,scattered clouds
16,Upernavik,72.7868,-56.1549,45.93,73,93,6.8,GL,2022-08-02 21:04:41,overcast clouds
17,Ushuaia,-54.8,-68.3,36.68,99,100,4.92,AR,2022-08-02 21:00:28,light rain
18,Kapaa,22.0752,-159.319,84.52,66,75,14.97,US,2022-08-02 21:04:34,broken clouds
19,Linxia,35.6003,103.2064,65.53,82,41,3.22,CN,2022-08-02 21:10:29,scattered clouds
20,Yellowknife,62.456,-114.3525,63.57,42,11,8.9,CA,2022-08-02 21:05:26,few clouds
21,Makarska,43.2969,17.0178,77.04,57,11,10.54,HR,2022-08-02 21:10:29,few clouds
22,Hermanus,-34.4187,19.2345,49.8,78,14,1.59,ZA,2022-08-02 21:05:36,few clouds
23,Sawakin,19.1059,37.3321,93.7,44,100,11.5,SD,2022-08-02 21:10:30,overcast clouds
24,Vila,42.0304,-8.1588,69.69,72,0,1.19,PT,2022-08-02 21:10:30,clear sky
25,New Norfolk,-42.7826,147.0587,51.93,77,100,3.0,AU,2022-08-02 21:07:16,overcast clouds
26,Hobart,-42.8794,147.3294,52.27,74,75,13.8,AU,2022-08-02 21:09:34,broken clouds
27,Kodiak,57.79,-152.4072,65.71,48,20,17.27,US,2022-08-02 21:07:35,few clouds
28,Bluff,-46.6,168.3333,44.8,75,52,34.34,NZ,2022-08-02 21:05:32,broken clouds
29,Punta Arenas,-53.15,-70.9167,42.91,87,75,5.75,CL,2022-08-02 21:05:27,broken clouds
30,Saint-Pierre,-21.3393,55.4781,65.91,74,0,6.91,RE,2022-08-02 21:06:09,clear sky
31,Mataura,-46.1927,168.8643,44.47,72,95,10.42,NZ,2022-08-02 21:05:29,overcast clouds
32,Canchungo,12.0672,-16.0333,77.25,88,59,5.79,GW,2022-08-02 21:10:31,broken clouds
33,Husavik,66.0449,-17.3389,45.5,97,100,15.95,IS,2022-08-02 21:10:31,overcast clouds
34,Lebu,-37.6167,-73.65,50.11,73,0,15.75,CL,2022-08-02 21:02:53,clear sky
35,Hithadhoo,-0.6,73.0833,80.24,76,54,12.41,MV,2022-08-02 21:04:39,broken clouds
36,Ahipara,-35.1667,173.1667,56.3,87,100,4.61,NZ,2022-08-02 21:07:22,overcast clouds
37,Saskylakh,71.9167,114.0833,43.11,80,100,8.08,RU,2022-08-02 21:10:32,overcast clouds
38,Grindavik,63.8424,-22.4338,50.47,76,75,20.71,IS,2022-08-02 21:10:32,broken clouds
39,Provideniya,64.3833,-173.3,53.71,76,0,2.24,RU,2022-08-02 21:10:33,clear sky
40,Makakilo City,21.3469,-158.0858,82.15,58,75,18.41,US,2022-08-02 21:10:33,broken clouds
41,Mahebourg,-20.4081,57.7,65.25,66,0,10.27,MU,2022-08-02 21:01:08,clear sky
42,Kavieng,-2.5744,150.7967,81.66,76,31,14.58,PG,2022-08-02 21:10:33,scattered clouds
43,Touros,-5.1989,-35.4608,77.05,83,50,7.94,BR,2022-08-02 21:06:38,scattered clouds
44,Jamestown,42.097,-79.2353,77.05,51,75,8.05,US,2022-08-02 21:05:28,broken clouds
45,Katsuura,35.1333,140.3,80.67,92,88,11.25,JP,2022-08-02 21:10:34,overcast clouds
46,Cherskiy,68.75,161.3,49.19,99,100,6.42,RU,2022-08-02 21:11:34,moderate rain
47,Atuona,-9.8,-139.0333,77.11,77,1,17.54,PF,2022-08-02 21:04:40,clear sky
48,Manokwari,-0.8667,134.0833,78.13,76,100,2.55,ID,2022-08-02 21:11:35,overcast clouds
49,Salamiyah,35.0113,37.0532,76.66,67,0,9.33,SY,2022-08-02 21:11:35,clear sky
50,Saeby,57.3319,10.5225,62.53,96,100,15.52,DK,2022-08-02 21:11:35,overcast clouds
51,Kaitangata,-46.2817,169.8464,50.47,67,42,16.46,NZ,2022-08-02 21:11:36,scattered clouds
52,Arraial Do Cabo,-22.9661,-42.0278,71.46,88,40,8.05,BR,2022-08-02 21:07:21,scattered clouds
53,Iralaya,15.0,-83.2333,82.76,84,100,15.39,HN,2022-08-02 21:11:36,overcast clouds
54,Khatanga,71.9667,102.5,43.66,72,100,5.46,RU,2022-08-02 21:04:37,overcast clouds
55,Lewistown,40.5992,-77.5714,90.88,66,0,10.36,US,2022-08-02 21:11:37,clear sky
56,Thompson,55.7435,-97.8558,63.88,55,100,2.59,CA,2022-08-02 21:04:43,overcast clouds
57,Busselton,-33.65,115.3333,55.62,53,96,29.24,AU,2022-08-02 21:02:23,overcast clouds
58,The Valley,18.217,-63.0578,87.66,74,20,13.8,AI,2022-08-02 21:07:28,few clouds
59,Castro,-24.7911,-50.0119,64.9,53,0,1.83,BR,2022-08-02 21:04:43,clear sky
60,Cidreira,-30.1811,-50.2056,60.44,88,28,9.33,BR,2022-08-02 21:11:37,light rain
61,Mitsamiouli,-11.3847,43.2844,75.87,73,8,4.65,KM,2022-08-02 21:11:38,clear sky
62,Alyangula,-13.8483,136.4192,72.63,92,30,7.56,AU,2022-08-02 21:11:38,scattered clouds
63,Laguna,38.421,-121.4238,102.76,36,0,6.91,US,2022-08-02 21:11:38,clear sky
64,Agirish,61.9247,63.0231,56.35,65,24,3.91,RU,2022-08-02 21:11:39,few clouds
65,Isangel,-19.55,169.2667,77.92,87,100,6.85,VU,2022-08-02 21:11:39,overcast clouds
66,Chuy,-33.6971,-53.4616,54.57,96,25,4.79,UY,2022-08-02 21:04:38,scattered clouds
67,Albany,42.6001,-73.9662,88.57,47,24,1.99,US,2022-08-02 21:11:40,few clouds
68,Varhaug,58.6147,5.6457,62.85,98,85,13.02,NO,2022-08-02 21:11:40,overcast clouds
69,Chengde,40.9725,117.9361,72.1,90,96,1.3,CN,2022-08-02 21:11:40,overcast clouds
70,Ixtapa,20.7,-105.2,86.23,74,75,5.75,MX,2022-08-02 21:11:41,broken clouds
71,Gat,31.61,34.7642,83.39,59,2,3.6,IL,2022-08-02 21:11:41,clear sky
72,Port Alfred,-33.5906,26.891,65.88,56,61,7.27,ZA,2022-08-02 21:11:22,broken clouds
73,Boa Vista,2.8197,-60.6733,82.38,69,75,8.05,BR,2022-08-02 21:07:34,thunderstorm
74,Kenai,60.5544,-151.2583,65.03,79,100,6.91,US,2022-08-02 21:11:42,overcast clouds
75,Airai,-8.9266,125.4092,55.15,59,45,1.95,TL,2022-08-02 21:07:15,scattered clouds
76,Kotka,60.4664,26.9458,60.06,83,91,13.6,FI,2022-08-02 21:11:42,overcast clouds
77,East London,-33.0153,27.9116,65.53,62,85,6.67,ZA,2022-08-02 21:11:42,overcast clouds
78,Smithers,54.7804,-127.1743,67.33,57,100,2.55,CA,2022-08-02 21:11:43,overcast clouds
79,Fortuna,40.5982,-124.1573,73.92,73,0,14.97,US,2022-08-02 21:05:35,clear sky
80,Coos Bay,43.3665,-124.2179,84.31,86,0,9.22,US,2022-08-02 21:06:08,clear sky
81,Port Moresby,-9.4431,147.1797,74.68,84,14,2.73,PG,2022-08-02 21:11:43,few clouds
82,Port-Gentil,-0.7193,8.7815,75.16,83,40,10.36,GA,2022-08-02 21:11:44,scattered clouds
83,Rio Grande,-32.035,-52.0986,57.31,91,33,6.93,BR,2022-08-02 21:09:44,scattered clouds
84,Nikolskoye,59.7035,30.7861,62.8,91,65,4.07,RU,2022-08-02 21:11:44,broken clouds
85,Klaksvik,62.2266,-6.589,50.92,93,98,15.39,FO,2022-08-02 21:09:29,overcast clouds
86,Hilo,19.7297,-155.09,77.61,91,75,6.91,US,2022-08-02 21:03:52,moderate rain
87,Carnarvon,-24.8667,113.6333,66.45,68,100,19.37,AU,2022-08-02 21:09:35,overcast clouds
88,Samarai,-10.6167,150.6667,81.09,83,41,12.73,PG,2022-08-02 21:12:45,scattered clouds
89,Praia Da Vitoria,38.7333,-27.0667,75.76,87,22,8.84,PT,2022-08-02 21:12:45,few clouds
90,Margate,51.3813,1.3862,66.87,82,20,4.0,GB,2022-08-02 21:12:45,few clouds
91,Olafsvik,64.8945,-23.7142,49.23,66,50,9.4,IS,2022-08-02 21:12:46,scattered clouds
92,Ribeira Grande,38.5167,-28.7,75.58,81,19,13.38,PT,2022-08-02 21:04:36,few clouds
93,Kruisfontein,-34.0033,24.7314,55.02,59,0,2.91,ZA,2022-08-02 21:12:46,clear sky
94,Saint-Philippe,-21.3585,55.7679,65.79,80,37,6.08,RE,2022-08-02 21:04:42,scattered clouds
95,Saint-Joseph,-21.3667,55.6167,64.78,79,19,6.26,RE,2022-08-02 21:10:03,few clouds
96,Alofi,-19.0595,-169.9187,78.69,73,40,14.97,NU,2022-08-02 21:05:34,scattered clouds
97,Mongu,-15.2484,23.1274,67.01,39,13,9.01,ZM,2022-08-02 21:12:47,few clouds
98,La Orilla,17.9833,-102.2333,88.38,63,56,12.66,MX,2022-08-02 21:10:27,broken clouds
99,Vila Franca Do Campo,37.7167,-25.4333,73.81,74,74,2.24,PT,2022-08-02 21:12:47,broken clouds
100,Muros,42.7762,-9.0603,72.68,78,5,10.31,ES,2022-08-02 21:12:48,clear sky
101,Chokurdakh,70.6333,147.9167,53.73,64,100,6.51,RU,2022-08-02 21:08:52,overcast clouds
102,Maribo,54.7766,11.5002,64.94,86,100,6.76,DK,2022-08-02 21:12:48,overcast clouds
103,Yakima,46.4665,-120.6678,93.54,20,0,9.22,US,2022-08-02 21:12:48,clear sky
104,Cibitoke,-2.8833,29.25,64.9,75,80,3.02,BI,2022-08-02 21:12:49,broken clouds
105,Nouadhibou,20.931,-17.0347,70.97,89,9,11.68,MR,2022-08-02 21:12:49,clear sky
106,Tombouctou,20.0,-3.0,100.54,24,7,14.18,ML,2022-08-02 21:12:49,clear sky
107,Quatre Cocos,-20.2078,57.7625,65.08,65,0,11.1,MU,2022-08-02 21:12:50,clear sky
108,Kaeo,-35.1,173.7833,54.32,96,100,3.22,NZ,2022-08-02 21:12:50,overcast clouds
109,Rio Branco,-9.9747,-67.81,92.01,49,40,4.61,BR,2022-08-02 21:12:50,scattered clouds
110,Narsaq,60.9167,-46.05,57.42,66,51,5.37,GL,2022-08-02 21:03:13,broken clouds
111,Namatanai,-3.6667,152.4333,79.75,76,30,8.93,PG,2022-08-02 21:12:51,scattered clouds
112,Ulladulla,-35.35,150.4667,54.97,59,100,9.13,AU,2022-08-02 21:07:14,light rain
113,Ponta Delgada,37.7333,-25.6667,74.12,78,75,4.61,PT,2022-08-02 21:12:51,broken clouds
114,Bubaque,11.2833,-15.8333,80.06,81,37,12.3,GW,2022-08-02 21:12:52,light rain
115,Meulaboh,4.1363,96.1285,73.72,89,100,3.96,ID,2022-08-02 21:12:52,heavy intensity rain
116,Domoni,-12.2569,44.5319,73.65,80,0,1.88,KM,2022-08-02 21:12:52,clear sky
117,Tasiilaq,65.6145,-37.6368,48.36,60,13,4.23,GL,2022-08-02 21:09:27,few clouds
118,Bengkulu,-3.8004,102.2655,74.25,92,39,4.45,ID,2022-08-02 21:04:33,heavy intensity rain
119,Saint-Francois,46.4154,3.9054,72.84,56,0,2.3,FR,2022-08-02 21:08:58,clear sky
120,Port Blair,11.6667,92.75,77.65,92,100,20.27,IN,2022-08-02 21:04:42,overcast clouds
121,Kahului,20.8947,-156.47,87.82,58,40,21.85,US,2022-08-02 21:11:23,scattered clouds
122,Nanortalik,60.1432,-45.2371,47.64,79,28,11.56,GL,2022-08-02 21:12:53,scattered clouds
123,Sulya,12.5667,75.3833,74.57,98,100,3.33,IN,2022-08-02 21:12:53,moderate rain
124,Qaqortoq,60.7167,-46.0333,48.83,74,41,9.6,GL,2022-08-02 21:12:54,scattered clouds
125,Quartucciu,39.2519,9.1794,83.01,49,0,3.44,IT,2022-08-02 21:12:54,clear sky
126,Maltahohe,-24.8333,16.9833,48.42,70,0,9.04,NA,2022-08-02 21:12:54,clear sky
127,Kahuta,33.5913,73.3868,80.85,73,29,5.66,PK,2022-08-02 21:12:55,scattered clouds
128,Ambon,-3.6954,128.1814,73.54,94,40,8.05,ID,2022-08-02 21:12:55,scattered clouds
129,Hamilton,39.1834,-84.5333,89.6,60,0,12.66,US,2022-08-02 21:06:48,clear sky
130,Bograd,54.2344,90.8328,54.36,88,100,3.65,RU,2022-08-02 21:12:55,overcast clouds
131,Maragogi,-9.0122,-35.2225,74.66,92,86,9.26,BR,2022-08-02 21:12:56,overcast clouds
132,Dunedin,-45.8742,170.5036,48.9,67,3,11.65,NZ,2022-08-02 21:09:32,clear sky
133,Nemuro,43.3236,145.575,60.03,95,98,9.17,JP,2022-08-02 21:13:56,overcast clouds
134,Vredendal,-31.6683,18.5012,60.42,50,100,2.13,ZA,2022-08-02 21:13:57,overcast clouds
135,Gorontalo,0.5412,123.0595,73.4,96,49,2.42,ID,2022-08-02 21:13:57,scattered clouds
136,Madimba,-10.4,40.3333,70.5,88,0,7.74,TZ,2022-08-02 21:13:57,clear sky
137,Longyearbyen,78.2186,15.6401,51.64,82,75,5.75,SJ,2022-08-02 21:13:58,broken clouds
138,Santa Lucia,27.9117,-15.5407,69.76,78,20,28.77,ES,2022-08-02 21:13:58,few clouds
139,Khandyga,62.6667,135.6,62.89,95,99,3.36,RU,2022-08-02 21:13:58,light rain
140,Tumarbong,10.3766,119.4579,78.94,84,84,0.76,PH,2022-08-02 21:13:59,broken clouds
141,Ueda,36.4,138.2667,78.01,96,71,1.16,JP,2022-08-02 21:13:59,broken clouds
142,Chifeng,42.2683,118.9636,74.32,73,99,5.91,CN,2022-08-02 21:13:59,overcast clouds
143,Rockhampton,-23.3833,150.5,62.49,94,100,6.91,AU,2022-08-02 21:14:00,mist
144,Westport,41.1415,-73.3579,91.45,59,0,12.66,US,2022-08-02 21:14:00,clear sky
145,Muhos,64.808,25.9931,58.78,96,4,7.81,FI,2022-08-02 21:14:00,clear sky
146,Naryan-Mar,67.6713,53.087,62.44,64,100,8.21,RU,2022-08-02 21:14:01,overcast clouds
147,Male,4.1748,73.5089,81.77,75,100,20.07,MV,2022-08-02 21:14:01,overcast clouds
148,Morro Bay,35.3658,-120.8499,99.93,49,91,8.99,US,2022-08-02 21:11:17,overcast clouds
149,Bethel,41.3712,-73.414,89.69,54,0,10.36,US,2022-08-02 21:14:01,clear sky
150,Gawler,-34.6,138.7333,54.91,83,1,11.3,AU,2022-08-02 21:14:02,clear sky
151,Sarakhs,36.5449,61.1577,82.15,30,0,7.31,IR,2022-08-02 21:14:02,clear sky
152,Mackay,-21.15,149.2,60.67,94,10,7.92,AU,2022-08-02 21:14:03,clear sky
153,Adre,13.4667,22.2,76.41,72,69,7.25,TD,2022-08-02 21:14:03,broken clouds
154,Asau,46.4333,26.4,61.72,65,1,4.43,RO,2022-08-02 21:05:30,clear sky
155,Rocha,-34.4833,-54.3333,55.98,96,54,6.49,UY,2022-08-02 21:14:04,broken clouds
156,Victoria,22.2855,114.1577,85.32,82,100,5.01,HK,2022-08-02 21:00:30,overcast clouds
157,Hofn,64.2539,-15.2082,50.7,68,41,12.12,IS,2022-08-02 21:09:33,scattered clouds
158,Faya,18.3851,42.4509,61.32,76,97,3.33,SA,2022-08-02 21:14:04,overcast clouds
159,Hasaki,35.7333,140.8333,79.29,92,81,8.61,JP,2022-08-02 21:11:41,broken clouds
160,Bundaberg,-24.85,152.35,57.22,99,51,1.01,AU,2022-08-02 21:13:55,broken clouds
161,Tessalit,20.1986,1.0114,77.59,60,100,29.1,ML,2022-08-02 21:14:05,light rain
162,Buenaventura,3.8801,-77.0312,78.71,90,100,5.06,CO,2022-08-02 21:14:05,overcast clouds
163,Mae Sot,16.7167,98.5667,77.41,98,90,1.03,TH,2022-08-02 21:14:06,overcast clouds
164,Pauini,-7.7136,-66.9764,87.76,52,100,2.33,BR,2022-08-02 21:14:06,overcast clouds
165,Sovetskaya Gavan,48.9723,140.2878,60.71,98,100,7.07,RU,2022-08-02 21:14:07,overcast clouds
166,Iskilip,40.7353,34.4739,66.7,80,1,7.7,TR,2022-08-02 21:14:07,clear sky
167,Aykhal,66.0,111.5,43.23,97,100,19.89,RU,2022-08-02 21:07:20,light rain
168,Sestri Levante,44.2732,9.3968,82.63,62,12,4.0,IT,2022-08-02 21:14:07,few clouds
169,Khani,41.9563,42.9566,65.77,92,42,1.32,GE,2022-08-02 21:14:08,scattered clouds
170,Aksay,47.26,39.87,75.25,69,27,7.0,RU,2022-08-02 21:14:09,scattered clouds
171,Kedrovyy,56.1667,91.8167,52.21,77,96,3.11,RU,2022-08-02 21:14:09,overcast clouds
172,Changde,29.0464,111.6783,80.55,75,0,2.53,CN,2022-08-02 21:14:10,clear sky
173,Barrow,71.2906,-156.7887,47.05,55,81,12.5,US,2022-08-02 21:05:27,broken clouds
174,Lentekhi,42.7856,42.7261,66.72,91,45,2.77,GE,2022-08-02 21:14:10,scattered clouds
175,Sioux Lookout,50.1001,-91.917,82.24,41,99,10.22,CA,2022-08-02 21:14:11,overcast clouds
176,Russell,32.3502,-85.1999,93.96,66,0,3.44,US,2022-08-02 21:14:11,clear sky
177,Nabire,-3.3667,135.4833,74.35,92,94,3.62,ID,2022-08-02 21:15:12,overcast clouds
178,Genhe,50.7833,121.5167,58.19,92,11,0.54,CN,2022-08-02 21:15:12,few clouds
179,Andenes,69.3143,16.1194,49.98,87,75,3.44,NO,2022-08-02 21:15:13,broken clouds
180,Port Hardy,50.6996,-127.4199,61.43,81,99,5.23,CA,2022-08-02 21:00:39,overcast clouds
181,Algeciras,36.1333,-5.4505,74.88,88,20,5.75,ES,2022-08-02 21:15:14,few clouds
182,Milkovo,54.7167,158.6167,57.52,69,97,3.51,RU,2022-08-02 21:15:15,overcast clouds
183,Maneromango,-7.1988,38.7848,63.7,98,20,3.85,TZ,2022-08-02 21:15:16,light rain
184,Kapuskasing,49.4169,-82.4331,69.89,60,75,8.05,CA,2022-08-02 21:15:16,broken clouds
185,Taiyuan,37.8694,112.5603,71.46,83,9,2.24,CN,2022-08-02 21:15:16,clear sky
186,Yulara,-25.2406,130.9889,58.82,54,5,8.75,AU,2022-08-02 21:13:16,clear sky
187,Crixas,-14.5489,-49.9692,85.26,23,2,2.24,BR,2022-08-02 21:05:32,clear sky
188,Bardiyah,31.7561,25.0865,78.82,76,0,7.05,LY,2022-08-02 21:15:19,clear sky
189,Ballina,-28.8667,153.5667,53.02,99,97,3.74,AU,2022-08-02 21:15:19,overcast clouds
190,Tautira,-17.7333,-149.15,76.71,74,20,19.93,PF,2022-08-02 21:15:20,light rain
191,Zhanaozen,43.3,52.8,84.04,27,0,11.83,KZ,2022-08-02 21:15:20,clear sky
192,Bacolod,10.6667,122.95,77.54,82,66,3.13,PH,2022-08-02 21:12:42,broken clouds
193,Boyolangu,-8.1181,111.8935,72.63,96,96,1.3,ID,2022-08-02 21:15:21,overcast clouds
194,Clyde River,70.4692,-68.5914,37.13,94,100,5.82,CA,2022-08-02 21:14:13,overcast clouds
195,Ust-Tsilma,65.441,52.1498,59.85,69,69,4.27,RU,2022-08-02 21:15:21,broken clouds
196,Abu Samrah,35.3029,37.1841,79.12,57,0,9.89,SY,2022-08-02 21:15:22,clear sky
197,Tuma,55.148,40.5537,62.98,68,100,5.7,RU,2022-08-02 21:15:22,overcast clouds
198,Tura,25.5198,90.2201,74.66,92,100,2.53,IN,2022-08-02 21:05:37,overcast clouds
199,Coahuayana,18.7333,-103.6833,92.39,54,66,6.11,MX,2022-08-02 21:15:22,broken clouds
200,Teya,60.3778,92.6267,49.28,97,100,2.01,RU,2022-08-02 21:07:18,light rain
201,Cairns,-16.9167,145.7667,69.75,83,10,10.36,AU,2022-08-02 21:15:23,clear sky
202,Tarakan,3.3,117.6333,76.5,100,40,2.3,ID,2022-08-02 21:15:23,scattered clouds
203,Broome,42.2506,-75.833,88.09,51,0,14.97,US,2022-08-02 21:15:24,clear sky
204,Astana,51.1801,71.446,53.55,82,0,11.18,KZ,2022-08-02 21:15:24,clear sky
205,Bambous Virieux,-20.3428,57.7575,65.21,65,0,10.6,MU,2022-08-02 21:11:25,clear sky
206,Qaanaaq,77.484,-69.3632,47.1,57,97,0.76,GL,2022-08-02 21:05:26,overcast clouds
207,Ostrovnoy,68.0531,39.5131,54.3,94,5,10.13,RU,2022-08-02 21:07:13,clear sky
208,Hay River,60.8156,-115.7999,67.98,49,20,6.91,CA,2022-08-02 21:15:09,few clouds
209,Honningsvag,70.9821,25.9704,53.35,87,100,12.66,NO,2022-08-02 21:15:25,overcast clouds
210,Cabo San Lucas,22.8909,-109.9124,92.61,55,20,8.05,MX,2022-08-02 21:15:25,few clouds
211,Lima,-12.0432,-77.0282,61.05,72,75,14.97,PE,2022-08-02 21:14:37,broken clouds
212,Sumbe,-11.2061,13.8437,65.73,82,98,5.7,AO,2022-08-02 21:15:26,overcast clouds
213,Mareeba,-17.0,145.4333,65.12,98,25,2.82,AU,2022-08-02 21:15:26,scattered clouds
214,Faanui,-16.4833,-151.75,78.48,65,40,24.54,PF,2022-08-02 21:15:26,scattered clouds
215,Nowy Targ,49.4778,20.0323,60.24,93,13,2.3,PL,2022-08-02 21:15:27,few clouds
216,Pacific Grove,36.6177,-121.9166,86.38,80,0,12.66,US,2022-08-02 21:15:27,clear sky
217,Chukhloma,58.7525,42.6825,57.58,83,62,4.94,RU,2022-08-02 21:15:27,broken clouds
218,Georgetown,5.4112,100.3354,78.89,91,20,4.61,MY,2022-08-02 21:03:55,moderate rain
219,Vila Velha,-20.3297,-40.2925,75.15,86,20,11.5,BR,2022-08-02 21:15:28,few clouds
220,Kibaya,-5.3,36.5667,58.12,65,71,5.95,TZ,2022-08-02 21:15:28,broken clouds
221,Igboho,8.8333,3.75,70.29,91,100,5.3,NG,2022-08-02 21:15:29,overcast clouds
222,Thoen,17.6129,99.2161,74.46,99,100,0.63,TH,2022-08-02 21:16:29,overcast clouds
223,Zhezkazgan,47.8043,67.7144,73.85,45,100,11.25,KZ,2022-08-02 21:16:29,overcast clouds
224,Abashiri,44.0213,144.2697,64.94,93,100,10.16,JP,2022-08-02 21:16:29,overcast clouds
225,Canete,-37.8,-73.4,50.34,75,0,7.07,CL,2022-08-02 21:16:30,clear sky
226,Tuktoyaktuk,69.4541,-133.0374,53.6,87,75,13.8,CA,2022-08-02 21:16:30,broken clouds
227,Zihuatanejo,17.6333,-101.55,93.29,59,0,5.75,MX,2022-08-02 21:15:18,clear sky
228,Newport,51.5877,-2.9984,70.02,91,64,16.46,GB,2022-08-02 21:11:56,broken clouds
229,Manjeshwar,12.7194,74.8861,77.95,93,100,12.46,IN,2022-08-02 21:16:31,moderate rain
230,Geraldton,-28.7667,114.6,57.61,77,40,20.71,AU,2022-08-02 21:04:54,drizzle
231,Locri,38.2414,16.2623,80.31,52,0,9.95,IT,2022-08-02 21:16:31,clear sky
232,Constitucion,-35.3333,-72.4167,54.37,64,0,13.0,CL,2022-08-02 21:16:32,clear sky
233,Shache,38.4167,77.2406,83.71,36,91,8.41,CN,2022-08-02 21:16:32,overcast clouds
234,Erzin,36.9559,36.2,77.0,90,35,2.26,TR,2022-08-02 21:16:32,scattered clouds
235,Anadyr,64.75,177.4833,63.1,63,0,6.71,RU,2022-08-02 21:16:33,clear sky
236,Palu,-0.8917,119.8707,73.96,95,85,2.93,ID,2022-08-02 21:16:33,overcast clouds
237,Mopti,14.6667,-4.0,84.24,74,20,3.44,ML,2022-08-02 21:16:33,few clouds
238,Bunol,39.4167,-0.7833,80.82,67,9,1.14,ES,2022-08-02 21:16:34,clear sky
239,Los Chiles,11.0333,-84.7167,73.71,97,100,3.2,CR,2022-08-02 21:13:00,moderate rain
240,Jalu,29.0331,21.5482,83.07,46,0,17.76,LY,2022-08-02 21:16:34,clear sky
241,Timbiqui,2.7717,-77.6654,78.46,89,100,8.43,CO,2022-08-02 21:16:34,moderate rain
242,Havelock,34.8791,-76.9013,94.95,74,20,10.36,US,2022-08-02 21:16:35,few clouds
243,Viedma,-40.8135,-62.9967,52.03,65,2,8.55,AR,2022-08-02 21:16:35,clear sky
244,Koshurnikovo,54.1667,93.3,53.53,97,100,1.61,RU,2022-08-02 21:16:35,overcast clouds
245,Jimenez,28.3333,-105.4,95.67,19,48,4.88,MX,2022-08-02 21:16:36,scattered clouds
246,Lompoc,34.6391,-120.4579,91.54,65,0,14.97,US,2022-08-02 21:08:05,clear sky
247,Klyavlino,54.2649,52.0267,58.78,92,0,7.25,RU,2022-08-02 21:16:36,clear sky
248,Gwanda,-20.9333,29.0,54.95,88,2,10.85,ZW,2022-08-02 21:16:37,clear sky
249,Saint George,37.1041,-113.5841,100.8,27,0,11.5,US,2022-08-02 21:07:17,clear sky
250,Liverpool,53.4106,-2.9779,70.34,82,20,12.66,GB,2022-08-02 21:16:37,light rain
251,Nacogdoches,31.6002,-94.6335,100.04,38,75,11.5,US,2022-08-02 21:16:38,broken clouds
252,Lasa,46.6166,10.7002,68.88,82,53,0.92,IT,2022-08-02 21:16:38,broken clouds
253,Nokaneng,-19.6667,22.2667,65.64,39,5,9.22,BW,2022-08-02 21:16:38,clear sky
254,Dwarka,22.2394,68.9678,81.84,81,100,10.8,IN,2022-08-02 21:16:39,overcast clouds
255,Brigham City,41.5102,-112.0155,84.22,48,40,4.0,US,2022-08-02 21:16:39,scattered clouds
256,Sao Filipe,14.8961,-24.4956,78.33,80,76,5.53,CV,2022-08-02 21:16:39,light rain
257,Talnakh,69.4865,88.3972,42.71,80,0,3.31,RU,2022-08-02 21:13:57,clear sky
258,Kavaratti,10.5669,72.642,78.03,84,100,27.96,IN,2022-08-02 21:16:40,light rain
259,Amahai,-3.3333,128.9167,75.78,88,87,3.94,ID,2022-08-02 21:16:40,overcast clouds
260,Nanao,37.05,136.9667,81.27,89,82,6.67,JP,2022-08-02 21:16:40,broken clouds
261,Dmitriyevka,54.75,55.3333,60.35,93,8,3.69,RU,2022-08-02 21:16:41,clear sky
262,San Felipe,10.3399,-68.7425,77.68,83,100,6.8,VE,2022-08-02 21:16:41,overcast clouds
263,Huarmey,-10.0681,-78.1522,66.67,73,6,12.57,PE,2022-08-02 21:15:30,clear sky
264,Jupiter,26.9342,-80.0942,90.09,75,0,9.22,US,2022-08-02 21:13:46,clear sky
265,Coihaique,-45.5752,-72.0662,44.55,65,75,4.61,CL,2022-08-02 21:16:42,broken clouds
266,Wanning,18.8003,110.3967,81.0,87,94,6.85,CN,2022-08-02 21:17:42,overcast clouds
267,Massena,44.9281,-74.8919,77.79,57,20,9.22,US,2022-08-02 21:17:43,few clouds
268,Norman Wells,65.282,-126.8329,73.81,43,88,5.26,CA,2022-08-02 21:09:31,overcast clouds
269,Paamiut,61.994,-49.6678,43.83,90,67,4.47,GL,2022-08-02 21:17:43,broken clouds
270,Winston,28.0317,-82.0148,96.01,57,75,8.99,US,2022-08-02 21:17:43,moderate rain
271,Navrongo,10.8956,-1.0921,75.43,86,100,6.08,GH,2022-08-02 21:17:44,overcast clouds
272,Kendari,-3.945,122.4989,72.39,94,83,2.33,ID,2022-08-02 21:17:44,broken clouds
273,Ilulissat,69.2167,-51.1,48.22,93,40,6.91,GL,2022-08-02 21:17:44,scattered clouds
274,Prainha,-1.8,-53.48,85.19,61,95,4.74,BR,2022-08-02 21:17:45,overcast clouds
275,Oranjemund,-28.55,16.4333,53.51,88,5,6.4,NA,2022-08-02 21:17:45,clear sky
276,Severo-Kurilsk,50.6789,156.125,54.45,81,23,7.7,RU,2022-08-02 21:17:45,few clouds
277,Te Anau,-45.4167,167.7167,45.23,91,97,7.4,NZ,2022-08-02 21:17:46,overcast clouds
278,Ensley,30.5188,-87.2728,78.69,92,100,6.91,US,2022-08-02 21:17:46,overcast clouds
279,Karangampel,-6.4622,108.4519,77.22,82,35,9.69,ID,2022-08-02 21:17:46,moderate rain
280,Kyabram,-36.3167,145.05,53.87,83,100,11.16,AU,2022-08-02 21:17:47,light rain
281,Bowen,-20.0167,148.2333,63.14,93,12,6.58,AU,2022-08-02 21:17:47,few clouds
282,San Juan Del Cesar,10.7711,-73.0031,93.45,36,93,9.8,CO,2022-08-02 21:17:47,overcast clouds
283,Waipawa,-41.4122,175.5153,53.01,81,86,19.71,NZ,2022-08-02 21:17:48,overcast clouds
284,Flin Flon,54.7682,-101.865,55.09,94,100,6.67,CA,2022-08-02 21:13:50,overcast clouds
285,Yeppoon,-23.1333,150.7333,62.38,94,11,7.38,AU,2022-08-02 21:17:48,few clouds
286,Saint Anthony,45.0205,-93.218,96.58,54,0,23.02,US,2022-08-02 21:17:48,clear sky
287,Chicama,-7.8447,-79.1469,61.34,66,25,8.5,PE,2022-08-02 21:17:49,scattered clouds
288,Kungurtug,50.5994,97.5228,51.44,88,83,2.1,RU,2022-08-02 21:17:49,broken clouds
289,Seredka,58.1584,28.1858,55.15,87,97,5.55,RU,2022-08-02 21:17:49,overcast clouds
290,Humaita,-7.5061,-63.0208,91.89,39,97,2.21,BR,2022-08-02 21:17:50,overcast clouds
291,Bonavista,48.6499,-53.1147,68.67,70,100,16.37,CA,2022-08-02 21:17:50,overcast clouds
292,Gizo,-8.103,156.8419,82.18,75,20,8.37,SB,2022-08-02 21:17:50,few clouds
293,Srednekolymsk,67.45,153.6833,60.78,96,100,6.38,RU,2022-08-02 21:17:51,light rain
294,Altus,34.6381,-99.334,104.07,22,0,14.97,US,2022-08-02 21:17:51,clear sky
295,Teano,41.2513,14.0665,81.91,54,100,6.82,IT,2022-08-02 21:17:51,overcast clouds
296,Bhandaria,22.4861,90.0609,82.45,85,100,4.5,BD,2022-08-02 21:17:52,heavy intensity rain
297,Labuhan,-6.8844,112.2051,75.79,89,37,6.89,ID,2022-08-02 21:17:52,scattered clouds
298,Hisor,38.525,68.5512,74.95,33,95,2.71,TJ,2022-08-02 21:17:52,overcast clouds
299,Kununurra,-15.7667,128.7333,58.98,88,59,0.0,AU,2022-08-02 21:09:29,broken clouds
300,Olinda,-8.0089,-34.8553,76.73,83,75,4.61,BR,2022-08-02 21:17:53,broken clouds
301,Naze,28.3667,129.4833,79.72,86,62,7.92,JP,2022-08-02 21:17:53,broken clouds
302,Corrente,-3.7367,-43.3394,79.18,53,9,2.8,BR,2022-08-02 21:17:53,clear sky
303,Lata,40.1629,-8.3327,64.31,89,0,2.53,PT,2022-08-02 21:17:54,clear sky
304,Los Llanos De Aridane,28.6585,-17.9182,69.55,78,75,17.27,ES,2022-08-02 21:17:54,broken clouds
305,Hanumangarh,29.5833,74.3167,91.15,58,81,3.85,IN,2022-08-02 21:17:54,broken clouds
306,Hervey Bay,-25.2986,152.8535,57.02,95,30,1.01,AU,2022-08-02 21:15:46,scattered clouds
307,Igrim,63.1906,64.4162,56.19,68,29,1.9,RU,2022-08-02 21:17:55,scattered clouds
308,Bilibino,68.0546,166.4372,59.11,63,100,4.97,RU,2022-08-02 21:09:30,overcast clouds
309,Mount Isa,-20.7333,139.5,53.37,71,14,0.0,AU,2022-08-02 21:17:55,few clouds
310,Sergeyevka,53.88,67.4158,56.25,80,57,7.81,KZ,2022-08-02 21:17:55,broken clouds
311,Nenjiang,49.1833,125.2167,66.36,76,0,4.41,CN,2022-08-02 21:17:56,clear sky
312,Bom Jesus Da Lapa,-13.255,-43.4181,82.62,25,0,6.2,BR,2022-08-02 21:17:56,clear sky
313,Verkhnyaya Inta,65.9811,60.3094,58.98,63,40,6.44,RU,2022-08-02 21:18:56,scattered clouds
314,Carupano,10.6678,-63.2585,82.35,76,19,13.27,VE,2022-08-02 21:18:57,few clouds
315,Lexington,37.9887,-84.4777,89.49,54,0,12.66,US,2022-08-02 21:14:49,clear sky
316,Lufilufi,-13.8745,-171.5986,81.79,78,13,22.7,WS,2022-08-02 21:15:36,light rain
317,Alugan,12.2188,125.4808,80.01,80,98,1.61,PH,2022-08-02 21:18:57,overcast clouds
318,Egvekinot,66.3167,-179.1667,55.81,54,1,5.37,RU,2022-08-02 21:18:58,clear sky
319,Seoul,37.5683,126.9778,78.37,94,100,6.91,KR,2022-08-02 21:17:43,moderate rain
320,Akyab,20.15,92.9,81.68,83,100,5.5,MM,2022-08-02 21:18:58,overcast clouds
321,Petropavlovsk-Kamchatskiy,53.0452,158.6483,57.79,77,0,6.71,RU,2022-08-02 21:16:38,clear sky
322,Sola,-13.8833,167.55,81.27,89,75,0.0,VU,2022-08-02 21:16:59,broken clouds
323,Souillac,-20.5167,57.5167,68.38,77,40,5.75,MU,2022-08-02 21:18:59,scattered clouds
324,Teresina,-5.0892,-42.8019,87.51,40,0,5.75,BR,2022-08-02 21:18:59,clear sky
325,Mehamn,71.0357,27.8492,53.51,100,100,3.44,NO,2022-08-02 21:18:59,fog
326,La Cruz,23.9167,-106.9,89.94,56,24,9.35,MX,2022-08-02 21:19:00,few clouds
327,Murgab,37.4966,61.9714,80.47,50,0,0.0,TM,2022-08-02 21:19:00,clear sky
328,Hovd,48.0056,91.6419,64.72,41,73,6.76,MN,2022-08-02 21:19:00,broken clouds
329,Loughrea,53.1969,-8.5669,61.27,80,98,15.95,IE,2022-08-02 21:15:06,overcast clouds
330,Ola,59.5833,151.2833,53.15,91,95,8.48,RU,2022-08-02 21:19:01,overcast clouds
331,Ithaca,42.4406,-76.4966,87.98,57,40,17.27,US,2022-08-02 21:14:26,scattered clouds
332,Nicoya,10.1483,-85.452,74.57,96,100,7.94,CR,2022-08-02 21:19:01,light rain
333,Thakurganj,26.45,88.1333,78.53,88,98,3.24,IN,2022-08-02 21:19:02,overcast clouds
334,Karratha,-20.7377,116.8463,64.49,64,0,14.88,AU,2022-08-02 21:17:02,clear sky
335,Comodoro Rivadavia,-45.8667,-67.5,48.06,46,0,10.36,AR,2022-08-02 21:19:02,clear sky
336,Tiksi,71.6872,128.8694,40.12,82,100,3.22,RU,2022-08-02 21:19:02,overcast clouds
337,Sun Valley,39.5963,-119.776,92.71,35,75,14.97,US,2022-08-02 21:19:03,broken clouds
338,Collie,-33.3667,116.15,47.86,67,68,14.27,AU,2022-08-02 21:19:03,broken clouds
339,Ramhormoz,31.28,49.6035,100.74,38,9,6.15,IR,2022-08-02 21:19:04,clear sky
340,Aksu,41.1231,80.2644,76.53,44,73,3.85,CN,2022-08-02 21:19:04,broken clouds
341,Lethem,3.3803,-59.7968,82.71,80,88,4.27,GY,2022-08-02 21:19:05,overcast clouds
342,Guerrero Negro,27.9769,-114.0611,80.96,52,100,18.9,MX,2022-08-02 21:19:05,overcast clouds
343,Mujiayingzi,42.1167,118.7833,71.87,79,91,6.78,CN,2022-08-02 21:19:05,overcast clouds
344,Fort Nelson,58.8053,-122.7002,69.44,48,68,9.71,CA,2022-08-02 21:15:07,broken clouds
345,Panguna,-6.3164,155.4848,71.82,84,25,2.44,PG,2022-08-02 21:19:06,scattered clouds
346,Matias Romero,16.8833,-95.0333,85.03,66,35,14.65,MX,2022-08-02 21:19:06,scattered clouds
347,Vanavara,60.34,102.2797,58.15,97,100,6.67,RU,2022-08-02 21:19:07,light rain
348,Berlevag,70.8578,29.0864,64.2,94,75,8.05,NO,2022-08-02 21:18:24,broken clouds
349,Luderitz,-26.6481,15.1594,54.32,80,0,0.85,NA,2022-08-02 21:19:07,clear sky
350,Coquimbo,-29.9533,-71.3436,53.33,76,100,4.61,CL,2022-08-02 21:19:08,overcast clouds
351,Ponta Do Sol,32.6667,-17.1,72.72,81,6,6.64,PT,2022-08-02 21:19:08,clear sky
352,Aguadilla,18.4275,-67.1541,86.65,81,100,12.66,PR,2022-08-02 21:19:08,overcast clouds
353,Buraydah,26.326,43.975,99.05,34,23,8.61,SA,2022-08-02 21:19:09,few clouds
354,Pringsewu,-5.3582,104.9744,73.26,97,98,2.35,ID,2022-08-02 21:19:09,overcast clouds
355,Ucluelet,48.9329,-125.5528,61.09,87,97,1.01,CA,2022-08-02 21:19:10,overcast clouds
356,Santa Cruz Del Norte,23.1539,-81.9236,85.6,73,3,17.38,CU,2022-08-02 21:19:10,clear sky
357,Jumla,29.2747,82.1838,63.05,98,100,0.43,NP,2022-08-02 21:19:10,overcast clouds
358,Bambanglipuro,-7.95,110.2833,74.3,94,89,3.31,ID,2022-08-02 21:20:11,overcast clouds
359,Yaring,6.8662,101.3689,75.97,92,100,6.11,TH,2022-08-02 21:20:11,moderate rain
360,Katangli,51.7102,143.2326,55.09,94,100,7.94,RU,2022-08-02 21:20:11,light rain
361,Dingle,10.9995,122.6711,75.79,89,96,4.85,PH,2022-08-02 21:20:12,overcast clouds
362,Kovdor,67.5662,30.4758,55.51,96,100,3.53,RU,2022-08-02 21:20:12,light rain
363,Biloela,-24.4167,150.5,56.82,91,8,2.04,AU,2022-08-02 21:20:13,clear sky
364,Codrington,-38.2667,141.9667,54.66,72,79,20.6,AU,2022-08-02 21:20:13,broken clouds
365,Hualmay,-11.0964,-77.6139,65.43,72,10,12.55,PE,2022-08-02 21:20:14,clear sky
366,Yacuiba,-22.038,-63.6797,82.11,42,2,4.29,BO,2022-08-02 21:20:14,clear sky
367,Durango,24.8333,-104.8333,80.13,30,93,6.35,MX,2022-08-02 21:15:36,overcast clouds
368,Maldonado,-34.6667,-54.9167,58.39,87,81,6.2,UY,2022-08-02 21:20:15,broken clouds
369,Rio Gallegos,-51.6226,-69.2181,39.25,81,0,0.0,AR,2022-08-02 21:17:27,clear sky
370,Saldanha,-33.0117,17.9442,55.45,90,31,10.22,ZA,2022-08-02 21:20:15,scattered clouds
371,Shangrao,28.4532,117.9686,77.27,84,34,2.89,CN,2022-08-02 21:20:16,scattered clouds
372,Ponnani,10.767,75.9252,72.72,96,100,19.69,IN,2022-08-02 21:20:16,overcast clouds
373,Martaban,16.5314,97.6111,76.78,92,93,4.65,MM,2022-08-02 21:20:17,overcast clouds
374,Sinjar,36.3209,41.8754,93.36,23,0,12.26,IQ,2022-08-02 21:20:17,clear sky
375,Madang,-5.2246,145.7966,76.98,90,100,3.0,PG,2022-08-02 21:19:18,overcast clouds
376,Sao Felix Do Xingu,-6.6447,-51.995,82.47,51,100,1.54,BR,2022-08-02 21:20:17,overcast clouds
377,Bazna,46.2,24.2833,68.02,59,51,3.8,RO,2022-08-02 21:20:18,broken clouds
378,Vostok,46.4856,135.8833,66.4,81,90,3.74,RU,2022-08-02 21:20:18,overcast clouds
379,Port Augusta,-32.5,137.7667,55.76,82,75,10.89,AU,2022-08-02 21:20:19,broken clouds
380,Urucara,-2.5364,-57.76,83.48,68,99,2.3,BR,2022-08-02 21:20:19,light rain
381,Minggang,32.4586,114.0486,79.99,80,0,2.51,CN,2022-08-02 21:20:20,clear sky
382,Vao,-22.6667,167.4833,73.17,85,65,8.63,NC,2022-08-02 21:20:20,broken clouds
383,La Suiza,9.8524,-83.6133,71.02,99,100,2.73,CR,2022-08-02 21:20:21,overcast clouds
384,Paita,-5.0892,-81.1144,69.33,73,28,14.9,PE,2022-08-02 21:20:21,scattered clouds
385,Keti Bandar,24.1447,67.4497,81.91,84,100,14.16,PK,2022-08-02 21:20:22,overcast clouds
386,Pangody,65.85,74.4859,52.65,71,15,5.39,RU,2022-08-02 21:20:22,few clouds
387,Atasu,48.6814,71.6433,67.53,62,95,9.17,KZ,2022-08-02 21:20:22,overcast clouds
388,Kamenka,51.3223,42.7678,68.0,55,73,12.15,RU,2022-08-02 21:20:23,broken clouds
389,Peniche,39.3558,-9.3811,69.3,88,96,15.35,PT,2022-08-02 21:20:23,overcast clouds
390,Qasigiannguit,68.8193,-51.1922,48.45,76,89,3.47,GL,2022-08-02 21:20:23,overcast clouds
391,Kulim,5.365,100.5618,78.49,96,100,3.62,MY,2022-08-02 21:20:24,overcast clouds
392,Mar Del Plata,-38.0023,-57.5575,55.09,96,100,6.91,AR,2022-08-02 21:20:22,overcast clouds
393,Manaus,-3.1019,-60.025,88.3,66,20,9.22,BR,2022-08-02 21:20:24,few clouds
394,Namibe,-15.1961,12.1522,59.61,69,3,3.56,AO,2022-08-02 21:20:25,clear sky
395,Uyemskiy,64.4743,40.8524,62.65,100,75,4.47,RU,2022-08-02 21:20:25,broken clouds
396,Bull Savanna,17.8868,-77.5902,83.95,71,95,11.9,JM,2022-08-02 21:20:25,overcast clouds
397,Stornoway,58.2093,-6.3865,57.16,89,75,13.8,GB,2022-08-02 21:20:25,broken clouds
398,Buluang,13.3068,123.3425,75.92,92,99,2.51,PH,2022-08-02 21:20:26,overcast clouds
399,Monkey Bay,-14.0728,34.9201,70.39,69,99,15.99,MW,2022-08-02 21:20:26,overcast clouds
400,Leningradskiy,69.3833,178.4167,57.04,53,100,7.0,RU,2022-08-02 21:20:27,overcast clouds
401,Alice Springs,-23.7,133.8833,69.35,24,100,8.05,AU,2022-08-02 21:20:27,overcast clouds
402,Dalianwan,39.0286,121.695,78.84,89,0,2.24,CN,2022-08-02 21:20:27,clear sky
403,Galatista,40.4667,23.2833,77.92,61,2,1.72,GR,2022-08-02 21:20:28,clear sky
404,Constantine,36.365,6.6147,72.81,46,20,1.14,DZ,2022-08-02 21:20:28,few clouds
405,Alibag,18.6411,72.8792,82.47,82,99,5.75,IN,2022-08-02 21:21:28,overcast clouds
406,Skjervoy,70.0311,20.9714,53.6,90,99,5.84,NO,2022-08-02 21:21:29,overcast clouds
407,Pisco,-13.7,-76.2167,64.45,72,0,3.44,PE,2022-08-02 21:21:29,clear sky
408,Sarkand,45.41,79.9186,68.14,45,73,6.26,KZ,2022-08-02 21:21:29,broken clouds
409,Kefamenanu,-9.4467,124.4781,64.24,94,36,3.18,ID,2022-08-02 21:21:30,scattered clouds
410,Baghdad,33.3406,44.4009,94.91,21,0,4.61,IQ,2022-08-02 21:17:18,clear sky
411,Perbaungan,3.5679,98.956,75.31,96,100,3.0,ID,2022-08-02 21:21:30,moderate rain
412,Orlik,52.5178,99.825,51.35,84,25,0.13,RU,2022-08-02 21:21:30,scattered clouds
413,College,64.8569,-147.8028,66.18,68,75,3.44,US,2022-08-02 21:21:31,broken clouds
414,Andilamena,-17.0167,48.5833,57.49,85,97,9.86,MG,2022-08-02 21:21:31,overcast clouds
415,Beringovskiy,63.05,179.3167,56.34,65,57,3.31,RU,2022-08-02 21:21:31,broken clouds
416,Karpathos,35.507,27.2132,75.16,83,0,24.16,GR,2022-08-02 21:21:32,clear sky
417,Zhigansk,66.7697,123.3711,46.36,67,80,16.98,RU,2022-08-02 21:21:32,broken clouds
418,Trat,12.5,102.5,82.81,95,99,1.36,TH,2022-08-02 21:21:32,light rain
419,Pimentel,-6.8367,-79.9342,66.49,72,0,13.8,PE,2022-08-02 21:21:33,clear sky
420,Bemidji,47.4736,-94.8803,80.69,74,100,5.75,US,2022-08-02 21:21:33,overcast clouds
421,Kota Kinabalu,5.9749,116.0724,76.98,94,20,0.0,MY,2022-08-02 21:21:33,few clouds
422,San Cristobal,7.7669,-72.225,77.18,62,84,5.28,VE,2022-08-02 21:21:34,broken clouds
423,Acarau,-2.8856,-40.12,78.98,79,33,15.68,BR,2022-08-02 21:21:34,scattered clouds
424,Mollendo,-17.0231,-72.0147,61.56,76,41,6.62,PE,2022-08-02 21:21:34,scattered clouds
425,Bolgatanga,10.7856,-0.8514,74.71,88,100,5.06,GH,2022-08-02 21:21:35,overcast clouds
426,Rosario,-32.9468,-60.6393,67.95,53,0,9.22,AR,2022-08-02 21:18:26,clear sky
427,Baykit,61.67,96.37,53.37,89,100,2.39,RU,2022-08-02 21:21:35,overcast clouds
428,Areka,7.0667,37.7,56.64,96,98,1.66,ET,2022-08-02 21:21:35,overcast clouds
429,Ketchikan,55.3422,-131.6461,60.78,95,100,4.63,US,2022-08-02 21:21:36,light rain
430,Dauphin,51.1494,-100.0502,78.94,65,20,16.11,CA,2022-08-02 21:21:36,few clouds
431,Mtwara,-10.2667,40.1833,69.76,89,0,7.94,TZ,2022-08-02 21:21:36,clear sky
432,Pochutla,15.7432,-96.4661,87.82,56,45,7.47,MX,2022-08-02 21:21:37,scattered clouds
433,Palmer,42.1584,-72.3287,88.39,59,40,3.44,US,2022-08-02 21:21:37,scattered clouds
434,Mount Gambier,-37.8333,140.7667,52.75,80,99,16.44,AU,2022-08-02 21:21:37,light rain
435,Evanston,42.0411,-87.6901,91.65,57,20,11.5,US,2022-08-02 21:21:38,few clouds
436,Cayenne,4.9333,-52.3333,84.09,1,20,2.3,GF,2022-08-02 21:21:38,few clouds
437,Udachnyy,66.4167,112.4,44.46,100,100,18.12,RU,2022-08-02 21:21:38,light rain
438,Booue,-0.0921,11.9385,80.31,54,72,5.37,GA,2022-08-02 21:21:39,broken clouds
439,Chulman,56.8479,124.9104,57.92,94,77,2.28,RU,2022-08-02 21:21:39,broken clouds
440,Rudnyy,52.9594,63.1206,57.43,78,86,9.04,KZ,2022-08-02 21:21:39,overcast clouds
441,Marsa Matruh,31.3525,27.2453,79.84,74,0,6.17,EG,2022-08-02 21:21:39,clear sky
442,Dasoguz,41.8363,59.9666,80.55,36,0,11.5,TM,2022-08-02 21:21:40,clear sky
443,Rayachoti,14.05,78.75,79.54,78,97,1.99,IN,2022-08-02 21:21:40,overcast clouds
444,Vilhena,-12.7406,-60.1458,86.22,37,0,6.91,BR,2022-08-02 21:21:40,clear sky
445,Aleksandrovskoye,44.7142,43.0008,73.72,45,15,8.16,RU,2022-08-02 21:21:41,few clouds
446,Matara,5.9485,80.5353,76.44,87,100,19.69,LK,2022-08-02 21:21:41,overcast clouds
447,Sojat,25.9167,73.6667,82.33,75,100,7.92,IN,2022-08-02 21:21:42,overcast clouds
448,Mahibadhoo,3.7833,72.9667,82.0,74,100,20.4,MV,2022-08-02 21:16:47,overcast clouds
449,Pevek,69.7008,170.3133,35.78,99,100,8.43,RU,2022-08-02 21:21:42,moderate rain
450,Bonfim,3.0833,-59.95,84.11,74,70,4.83,BR,2022-08-02 21:21:43,moderate rain
451,Amberley,39.2048,-84.428,89.06,59,0,12.66,US,2022-08-02 21:22:43,clear sky
452,Nouakchott,18.0858,-15.9785,80.53,82,28,12.75,MR,2022-08-02 21:22:43,scattered clouds
453,Bayburt,40.2589,40.2278,60.3,89,6,1.81,TR,2022-08-02 21:22:44,clear sky
454,San Patricio,28.017,-97.5169,101.16,42,10,20.6,US,2022-08-02 21:22:44,clear sky
455,Grand Gaube,-20.0064,57.6608,68.4,76,0,3.0,MU,2022-08-02 21:22:44,clear sky
456,Bissau,11.8636,-15.5977,77.11,94,20,2.3,GW,2022-08-02 21:22:45,thunderstorm
457,Moranbah,-22.0016,148.0466,58.03,89,4,7.83,AU,2022-08-02 21:22:45,clear sky
458,Monzon,41.9108,0.1941,85.42,50,0,9.24,ES,2022-08-02 21:22:45,clear sky
459,Mbigou,-1.9005,11.906,70.27,73,92,5.77,GA,2022-08-02 21:22:45,overcast clouds
460,Sibu,2.3,111.8167,75.51,88,40,3.44,MY,2022-08-02 21:22:46,scattered clouds
461,Belmonte,-15.8631,-38.8828,72.21,81,10,5.95,BR,2022-08-02 21:22:46,clear sky
462,Bonnyville,54.2668,-110.735,60.12,86,100,12.21,CA,2022-08-02 21:22:46,overcast clouds
463,Hasilpur,29.7122,72.5553,92.32,53,20,6.67,PK,2022-08-02 21:22:47,few clouds
464,Taclobo,12.3074,122.586,82.42,77,97,5.7,PH,2022-08-02 21:22:47,overcast clouds
465,Rapid Valley,44.0625,-103.1463,95.63,22,0,17.27,US,2022-08-02 21:18:21,clear sky
466,Alice,27.7523,-98.0697,100.29,41,40,21.85,US,2022-08-02 21:22:48,scattered clouds
467,Atar,20.5169,-13.0499,95.45,31,7,11.41,MR,2022-08-02 21:22:48,clear sky
468,Superior,46.7208,-92.1041,79.45,78,100,11.5,US,2022-08-02 21:22:48,overcast clouds
469,Sorong,-0.8833,131.25,76.71,89,100,6.96,ID,2022-08-02 21:22:49,overcast clouds
470,Lagoa,39.05,-27.9833,74.32,82,3,15.32,PT,2022-08-02 21:22:49,clear sky
471,Bom Jardim,-7.7958,-35.5872,69.8,96,100,3.47,BR,2022-08-02 21:22:50,overcast clouds
472,San Quintin,30.4833,-115.95,77.13,65,67,14.83,MX,2022-08-02 21:22:50,broken clouds
473,Batagay-Alyta,67.8006,130.4114,47.32,87,100,4.68,RU,2022-08-02 21:19:21,overcast clouds
474,Lavrentiya,65.5833,-171.0,56.53,55,4,9.91,RU,2022-08-02 21:22:50,clear sky
475,Inuvik,68.3499,-133.7218,61.56,67,75,10.36,CA,2022-08-02 21:18:55,broken clouds
476,Byron Bay,-28.65,153.6167,52.95,83,92,2.53,AU,2022-08-02 21:21:15,overcast clouds
477,Emerald,-23.5333,148.1667,55.35,95,20,7.61,AU,2022-08-02 21:22:51,few clouds
478,Barahona,18.2085,-71.1008,89.42,70,20,23.02,DO,2022-08-02 21:22:52,few clouds
479,Moree,-29.4667,149.85,54.63,55,100,9.53,AU,2022-08-02 21:22:52,overcast clouds
480,Padang,-0.9492,100.3543,75.69,93,100,4.7,ID,2022-08-02 21:22:52,overcast clouds
481,Thinadhoo,0.5333,72.9333,80.17,77,78,12.41,MV,2022-08-02 21:21:14,broken clouds
482,Mandalgovi,45.7625,106.2708,70.14,54,4,4.61,MN,2022-08-02 21:22:53,clear sky
483,Evensk,61.95,159.2333,52.66,95,100,3.69,RU,2022-08-02 21:22:53,light rain
484,La Asuncion,11.0333,-63.8628,87.53,70,21,19.57,VE,2022-08-02 21:22:53,few clouds
485,Batemans Bay,-35.7167,150.1833,56.1,54,96,10.56,AU,2022-08-02 21:22:54,overcast clouds
486,Zyryanka,65.75,150.85,62.69,91,100,14.05,RU,2022-08-02 21:22:54,light rain
487,Mariana,-20.3778,-43.4161,71.62,50,80,2.98,BR,2022-08-02 21:22:54,broken clouds
488,Coffs Harbour,-30.3,153.1333,55.36,82,100,9.22,AU,2022-08-02 21:22:55,overcast clouds
489,Kloulklubed,7.0419,134.2556,75.7,70,100,9.04,PW,2022-08-02 21:22:55,overcast clouds
490,Tornio,65.8481,24.1466,59.02,87,1,9.22,FI,2022-08-02 21:22:55,clear sky
491,Nishihara,26.1842,127.7558,81.68,89,20,2.3,JP,2022-08-02 21:22:55,few clouds
492,Dongying,37.4564,118.4856,81.86,77,22,3.98,CN,2022-08-02 21:22:56,few clouds
493,Nuuk,64.1835,-51.7216,52.41,76,40,8.05,GL,2022-08-02 21:22:56,scattered clouds
494,Hearst,49.6835,-83.6665,70.05,67,78,6.17,CA,2022-08-02 21:20:07,broken clouds
495,Talcahuano,-36.7167,-73.1167,51.75,67,0,7.25,CL,2022-08-02 21:20:16,clear sky
496,Kitimat,54.0524,-128.6534,62.98,22,100,3.0,CA,2022-08-02 21:23:57,overcast clouds
497,Yar-Sale,66.8333,70.8333,55.92,65,11,7.16,RU,2022-08-02 21:23:57,few clouds
498,Port Hedland,-20.3167,118.5667,66.25,88,100,10.36,AU,2022-08-02 21:20:14,overcast clouds
499,Ojinaga,29.5667,-104.4167,101.35,27,40,8.05,MX,2022-08-02 21:23:58,scattered clouds
500,Nome,64.5011,-165.4064,69.12,46,0,10.36,US,2022-08-02 21:23:58,clear sky
501,Cuamba,-14.8031,36.5372,64.92,77,93,5.14,MZ,2022-08-02 21:23:58,overcast clouds
502,San Jose,37.3394,-121.895,98.69,39,75,16.11,US,2022-08-02 21:19:52,broken clouds
503,Barcelos,41.5388,-8.6151,72.91,90,7,2.75,PT,2022-08-02 21:23:59,clear sky
504,Adrar,20.5022,-10.0711,97.88,23,11,12.35,MR,2022-08-02 21:23:59,few clouds
505,Lhokseumawe,5.1801,97.1507,76.73,84,100,4.16,ID,2022-08-02 21:23:59,overcast clouds
506,Marrakesh,31.6315,-8.0083,98.67,23,75,9.22,MA,2022-08-02 21:24:00,broken clouds
507,Vardo,70.3705,31.1107,55.38,94,20,2.3,NO,2022-08-02 21:24:00,few clouds
508,Parbatipur,25.6649,88.9247,81.95,85,100,3.31,BD,2022-08-02 21:24:00,overcast clouds
509,Mpraeso,6.5932,-0.7346,69.6,82,91,3.51,GH,2022-08-02 21:24:01,overcast clouds
510,Mazagao,-0.115,-51.2894,78.85,91,84,4.76,BR,2022-08-02 21:24:01,light rain
511,Buala,-8.145,159.5921,81.09,79,31,8.5,SB,2022-08-02 21:24:01,light rain
512,Verkhoyansk,67.5447,133.385,52.34,75,99,5.21,RU,2022-08-02 21:24:02,overcast clouds
513,Labuan,5.2767,115.2417,77.36,100,20,0.0,MY,2022-08-02 21:24:02,few clouds
514,Taunggyi,20.7833,97.0333,63.37,98,100,3.74,MM,2022-08-02 21:24:03,overcast clouds
515,Big Rapids,43.6981,-85.4837,81.09,39,0,9.22,US,2022-08-02 21:24:03,clear sky
516,Chama,47.1821,8.4636,73.35,61,99,1.14,CH,2022-08-02 21:24:04,overcast clouds
517,Camacari,-12.6975,-38.3242,78.57,79,12,5.61,BR,2022-08-02 21:24:05,few clouds
518,La Ronge,55.1001,-105.2842,57.45,82,100,19.57,CA,2022-08-02 21:23:05,overcast clouds
519,Bandar,2.05,99.75,72.28,96,100,2.35,ID,2022-08-02 21:24:05,overcast clouds
520,Gornyye Klyuchi,45.25,133.5,71.56,97,99,4.12,RU,2022-08-02 21:24:06,overcast clouds
521,Pokhara,28.2333,83.9833,71.62,92,100,1.54,NP,2022-08-02 21:24:06,overcast clouds
522,Antofagasta,-23.65,-70.4,58.28,76,15,5.39,CL,2022-08-02 21:24:07,few clouds
523,Lundazi,-12.2929,33.1782,59.95,72,3,9.24,ZM,2022-08-02 21:24:07,clear sky
524,Suez,29.9737,32.5263,80.38,72,9,10.33,EG,2022-08-02 21:24:07,clear sky
525,Itaituba,-4.2761,-55.9836,78.96,89,20,0.0,BR,2022-08-02 21:24:08,few clouds
526,Urubicha,-15.3833,-62.95,93.81,25,37,5.48,BO,2022-08-02 21:24:08,scattered clouds
527,Ocean City,39.2776,-74.5746,89.85,69,65,7.0,US,2022-08-02 21:23:31,broken clouds
528,Amapa,1.0,-52.0,77.22,88,99,4.25,BR,2022-08-02 21:24:09,moderate rain
529,Yangambi,0.8102,24.4336,72.03,75,56,1.74,CD,2022-08-02 21:24:09,broken clouds
530,Cockburn Town,21.4612,-71.1419,85.96,66,40,11.5,TC,2022-08-02 21:24:10,scattered clouds
531,Linhai,28.85,121.1167,76.46,97,13,0.87,CN,2022-08-02 21:24:10,few clouds
532,Todos Santos,23.45,-110.2167,95.05,74,42,7.78,MX,2022-08-02 21:24:10,scattered clouds
533,Batticaloa,7.7102,81.6924,80.2,70,100,8.81,LK,2022-08-02 21:24:11,overcast clouds
534,Oskarshamn,57.2645,16.4484,64.98,47,100,9.69,SE,2022-08-02 21:24:11,overcast clouds
535,Douentza,14.9951,-2.9517,87.37,50,93,4.09,ML,2022-08-02 21:24:12,overcast clouds
536,Umm Kaddadah,13.6017,26.6876,86.31,45,44,11.63,SD,2022-08-02 21:24:12,scattered clouds
537,Innisfail,-17.5333,146.0333,68.0,89,96,4.74,AU,2022-08-02 21:24:13,overcast clouds
538,Winslow,35.0242,-110.6974,93.38,26,20,6.91,US,2022-08-02 21:24:13,few clouds
539,Hibbing,47.4272,-92.9377,74.39,51,100,4.61,US,2022-08-02 21:19:55,overcast clouds
540,Yarada,17.65,83.2667,82.72,89,40,2.3,IN,2022-08-02 21:24:13,mist
541,Hellvik,59.9156,5.781,61.0,91,100,6.42,NO,2022-08-02 21:24:14,overcast clouds
542,Esil,51.9556,66.4042,63.68,70,68,11.39,KZ,2022-08-02 21:25:17,broken clouds
543,Tahe,52.3333,124.7333,60.37,81,0,2.44,CN,2022-08-02 21:25:18,clear sky
544,Katherine,-14.4667,132.2667,64.72,72,100,0.0,AU,2022-08-02 21:25:18,overcast clouds
545,San Juan,-31.5375,-68.5364,63.39,33,0,15.9,AR,2022-08-02 21:24:52,clear sky
546,Koindu,8.4386,-10.3253,67.89,99,72,4.14,GN,2022-08-02 21:25:19,broken clouds
547,New Smyrna Beach,29.0258,-80.927,99.16,62,56,11.59,US,2022-08-02 21:25:20,broken clouds
548,Tsybli,49.9948,31.5628,62.13,97,91,12.55,UA,2022-08-02 21:25:20,overcast clouds
549,Bage,-31.3314,-54.1069,56.98,94,88,9.22,BR,2022-08-02 21:25:21,heavy intensity rain
550,Sao Jose Da Coroa Grande,-8.8978,-35.1478,74.91,91,74,8.21,BR,2022-08-02 21:25:21,broken clouds
551,Batagay,67.6333,134.6333,52.05,77,71,5.73,RU,2022-08-02 21:25:22,broken clouds
552,Porosozero,62.7191,32.727,54.16,98,48,6.44,RU,2022-08-02 21:25:22,scattered clouds
553,Doboj,44.7347,18.0878,70.95,61,99,3.27,BA,2022-08-02 21:24:24,overcast clouds
554,Iqaluit,63.7506,-68.5145,47.93,65,75,8.05,CA,2022-08-02 21:25:23,broken clouds
555,Port Lincoln,-34.7333,135.8667,56.23,73,0,18.88,AU,2022-08-02 21:21:43,clear sky
556,Singapore,1.2897,103.8501,77.2,94,75,1.14,SG,2022-08-02 21:25:20,broken clouds
557,La Solana,38.9442,-3.2381,80.8,26,90,5.57,ES,2022-08-02 21:25:23,overcast clouds
558,Pangnirtung,66.1451,-65.7125,48.2,81,75,11.5,CA,2022-08-02 21:25:24,broken clouds
559,Bereda,43.2686,-7.5406,68.41,100,29,4.88,ES,2022-08-02 21:25:24,scattered clouds
560,Tigzirt,36.8886,4.1198,77.74,68,62,8.34,DZ,2022-08-02 21:25:24,broken clouds
561,Nelson Bay,-32.7167,152.15,51.01,92,54,4.0,AU,2022-08-02 21:25:25,broken clouds
562,Belaya Gora,68.5333,146.4167,51.93,88,100,8.21,RU,2022-08-02 21:25:25,light rain
563,Riyadh,24.6877,46.7219,96.94,34,84,5.66,SA,2022-08-02 21:21:52,broken clouds
564,Brae,60.3964,-1.353,56.8,93,99,24.61,GB,2022-08-02 21:25:25,overcast clouds
565,Sosnovo-Ozerskoye,52.5249,111.5418,58.05,94,100,5.46,RU,2022-08-02 21:25:26,overcast clouds
566,Haukipudas,65.1765,25.3523,59.05,92,0,13.0,FI,2022-08-02 21:25:26,clear sky
567,Sfantu Gheorghe,45.8667,25.7833,62.92,78,91,2.06,RO,2022-08-02 21:22:41,overcast clouds
568,Banikoara,11.2985,2.4386,73.36,94,98,4.27,BJ,2022-08-02 21:25:26,light rain
569,Gao,16.6362,1.637,90.21,43,77,10.49,ML,2022-08-02 21:25:27,light rain
570,Tochio,37.4667,139.0,77.56,88,94,3.24,JP,2022-08-02 21:25:27,moderate rain
571,Takoradi,4.8845,-1.7554,73.02,79,9,7.96,GH,2022-08-02 21:25:28,clear sky
572,Camana,-16.6228,-72.7111,61.97,74,3,6.29,PE,2022-08-02 21:25:28,clear sky
573,Rustenburg,-25.6676,27.2421,53.82,66,52,5.32,ZA,2022-08-02 21:25:28,broken clouds
574,Cabra,37.4725,-4.4421,83.48,31,0,6.76,ES,2022-08-02 21:25:28,clear sky
575,Kalabo,-14.97,22.6814,63.86,41,10,6.42,ZM,2022-08-02 21:25:29,clear sky
576,Great Yarmouth,52.6083,1.7305,75.45,69,74,6.69,GB,2022-08-02 21:25:29,broken clouds
577,Amga,60.8953,131.9608,64.47,97,20,0.11,RU,2022-08-02 21:25:29,few clouds
578,Atikokan,48.7555,-91.6216,79.57,41,99,10.49,CA,2022-08-02 21:25:30,overcast clouds
579,Saint-Denis,48.9167,2.3333,80.11,53,0,4.61,FR,2022-08-02 21:25:30,clear sky
580,Homburg,49.3167,7.3333,72.18,54,0,1.14,DE,2022-08-02 21:25:30,clear sky
581,Shiyan,32.6475,110.7781,74.08,93,0,2.62,CN,2022-08-02 21:25:31,clear sky
582,Vage,60.0469,5.5178,60.51,96,100,8.1,NO,2022-08-02 21:25:31,overcast clouds
583,Sabha,27.0377,14.4283,89.94,22,5,16.24,LY,2022-08-02 21:25:31,clear sky
584,Los Algarrobos,8.5,-82.4333,81.01,78,40,3.44,PA,2022-08-02 21:25:32,scattered clouds
585,Launceston,-41.45,147.1667,51.44,86,100,23.02,AU,2022-08-02 21:25:32,light rain
586,Alta Floresta,-9.8756,-56.0861,91.81,21,100,3.83,BR,2022-08-02 21:25:32,overcast clouds
587,Abha,18.2164,42.5053,62.42,94,20,0.0,SA,2022-08-02 21:25:33,few clouds
588,Salalah,17.0151,54.0924,77.09,100,100,4.61,OM,2022-08-02 21:25:33,light intensity drizzle
589,Acapulco,16.8634,-99.8901,89.42,66,40,8.05,MX,2022-08-02 21:22:51,scattered clouds
590,Pangkalanbuun,-2.6833,111.6167,73.18,99,99,2.13,ID,2022-08-02 21:26:34,overcast clouds
591,Otofuke,42.9917,143.2003,60.13,98,100,1.81,JP,2022-08-02 21:26:34,overcast clouds
592,Rapallo,44.3511,9.2297,83.61,62,15,3.0,IT,2022-08-02 21:26:34,few clouds
593,Farmington,36.7281,-108.2187,93.88,24,20,17.27,US,2022-08-02 21:22:09,few clouds
594,Yaan,7.3833,8.5667,71.92,93,95,3.4,NG,2022-08-02 21:26:35,overcast clouds
595,San Jeronimo,-11.9472,-75.2829,63.59,38,63,9.31,PE,2022-08-02 21:26:35,broken clouds
596,Moose Factory,51.2585,-80.6094,73.4,53,20,16.11,CA,2022-08-02 21:26:35,few clouds
597,Mega,4.05,38.3,59.95,67,93,11.48,ET,2022-08-02 21:26:36,overcast clouds
598,Barao De Melgaco,-16.1944,-55.9675,91.62,17,99,2.62,BR,2022-08-02 21:26:36,overcast clouds
599,Komsomolskiy,40.4272,71.7189,74.12,49,100,2.3,UZ,2022-08-02 21:26:36,overcast clouds
600,Polson,47.6936,-114.1632,86.72,24,2,10.0,US,2022-08-02 21:26:37,clear sky
601,Matay,28.419,30.7792,87.31,34,5,16.06,EG,2022-08-02 21:26:37,clear sky
602,Lahaina,20.8783,-156.6825,87.8,79,1,8.43,US,2022-08-02 21:22:37,clear sky
603,Trairi,-3.2778,-39.2689,78.82,79,10,11.86,BR,2022-08-02 21:24:32,clear sky
604,Handan,36.6006,114.4678,79.14,70,0,5.46,CN,2022-08-02 21:26:38,clear sky
605,Enkoping,59.6361,17.0777,64.44,69,100,5.7,SE,2022-08-02 21:26:38,light rain
606,Isabela,6.7085,121.9711,73.45,85,99,2.86,PH,2022-08-02 21:26:38,overcast clouds
607,Badarpur,24.9,92.6,77.07,98,100,0.98,IN,2022-08-02 21:26:39,overcast clouds
608,Chitral,35.8462,71.7858,71.74,66,100,2.24,PK,2022-08-02 21:24:10,overcast clouds
609,Marienburg,54.0359,19.0266,63.88,72,99,5.01,PL,2022-08-02 21:26:39,overcast clouds
610,Port Macquarie,-31.4333,152.9167,46.89,79,100,6.64,AU,2022-08-02 21:25:10,overcast clouds
611,Pinotepa Nacional,16.3167,-98.0167,89.33,55,13,8.43,MX,2022-08-02 21:26:40,few clouds
612,Sungaipenuh,-2.0833,101.3833,63.99,98,100,0.51,ID,2022-08-02 21:26:40,overcast clouds
613,Kilindoni,-7.9139,39.6668,75.34,78,1,11.5,TZ,2022-08-02 21:26:40,clear sky
614,Churapcha,62.0025,132.4325,62.94,96,96,3.56,RU,2022-08-02 21:26:41,overcast clouds
615,Cao Bang,22.6667,106.25,74.53,96,6,1.14,VN,2022-08-02 21:26:41,clear sky
616,Ust-Omchug,61.15,149.6333,56.73,89,100,5.88,RU,2022-08-02 21:26:41,overcast clouds
617,Beloha,-25.1667,45.05,62.19,68,0,10.6,MG,2022-08-02 21:26:42,clear sky
618,Bida,9.0833,6.0167,74.53,83,99,3.2,NG,2022-08-02 21:26:42,overcast clouds
619,Puerto Maldonado,-12.6,-69.1833,86.4,70,40,3.44,PE,2022-08-02 21:26:43,scattered clouds
620,Krasnoselkup,65.7,82.4667,46.04,85,0,10.4,RU,2022-08-02 21:26:43,clear sky
621,Champerico,14.3,-91.9167,93.74,70,7,8.95,GT,2022-08-02 21:26:43,clear sky
622,Cumberland,35.0502,-78.8664,99.7,39,20,8.05,US,2022-08-02 21:26:43,few clouds
623,Mpulungu,-8.7623,31.1141,71.49,48,0,9.69,ZM,2022-08-02 21:26:44,clear sky
624,Isiro,2.7739,27.616,69.42,86,99,1.21,CD,2022-08-02 21:26:44,overcast clouds
625,Severomuysk,56.1481,113.4267,54.99,86,100,3.83,RU,2022-08-02 21:26:44,light rain
626,Araouane,18.9048,-3.5265,98.42,30,71,11.45,ML,2022-08-02 21:26:45,broken clouds
627,Kirillov,59.863,38.3813,61.14,77,99,5.55,RU,2022-08-02 21:26:45,overcast clouds
628,Nador,35.174,-2.9287,78.87,75,0,4.43,MA,2022-08-02 21:26:45,clear sky
629,Gimli,50.6336,-96.9907,79.36,57,37,18.32,CA,2022-08-02 21:26:46,scattered clouds
630,Raudeberg,61.9875,5.1352,58.87,63,100,22.35,NO,2022-08-02 21:26:46,overcast clouds
631,Wonthaggi,-38.6044,145.5913,53.82,70,79,26.33,AU,2022-08-02 21:26:46,broken clouds
632,Mogadishu,2.0371,45.3438,75.83,81,6,18.95,SO,2022-08-02 21:24:25,clear sky
633,Manggar,-2.8833,108.2667,80.1,83,100,6.26,ID,2022-08-02 21:26:47,overcast clouds
634,Tiarei,-17.5333,-149.3333,80.62,73,9,22.24,PF,2022-08-02 21:23:15,clear sky
635,Nadym,65.5333,72.5167,53.04,71,11,3.94,RU,2022-08-02 21:27:47,few clouds
636,Arua,3.0201,30.9111,61.77,93,34,2.1,UG,2022-08-02 21:27:48,scattered clouds
637,Banda Aceh,5.5577,95.3222,78.08,76,100,13.8,ID,2022-08-02 21:27:32,light rain
638,Papara,-3.9839,-38.7273,79.2,78,85,4.18,BR,2022-08-02 21:27:48,overcast clouds
639,Birjand,32.8663,59.2211,73.87,28,0,9.22,IR,2022-08-02 21:27:48,clear sky
640,Libreville,0.3925,9.4537,75.7,78,14,7.09,GA,2022-08-02 21:24:23,few clouds
641,Hermon,44.8101,-68.9134,82.35,65,40,18.41,US,2022-08-02 21:27:49,scattered clouds
642,Sinegorye,62.0788,150.477,62.22,69,93,4.16,RU,2022-08-02 21:27:49,overcast clouds
643,Novoilinsk,51.6829,108.7143,60.78,88,100,1.99,RU,2022-08-02 21:27:49,overcast clouds
644,Muli,2.9167,73.5667,81.45,75,100,20.13,MV,2022-08-02 21:27:50,overcast clouds
645,Hami,42.8,93.45,71.89,66,55,10.27,CN,2022-08-02 21:27:50,broken clouds
646,Labrea,-7.2586,-64.7981,89.51,47,100,1.32,BR,2022-08-02 21:27:50,overcast clouds
647,Jiuquan,39.7432,98.5174,68.63,63,12,3.31,CN,2022-08-02 21:27:51,few clouds
648,Ternate,0.8,127.4,78.31,84,100,2.24,ID,2022-08-02 21:25:33,overcast clouds
649,Juchipila,21.4167,-103.1167,85.48,38,98,0.63,MX,2022-08-02 21:27:51,overcast clouds
650,Serov,59.6033,60.5787,52.97,79,4,1.34,RU,2022-08-02 21:27:51,clear sky
651,High Rock,26.6208,-78.2833,87.82,65,5,6.6,BS,2022-08-02 21:27:52,clear sky
652,Taoudenni,22.6783,-3.9836,106.59,10,31,1.36,ML,2022-08-02 21:27:39,scattered clouds
653,Jingdezhen,29.2947,117.2079,77.83,88,64,2.28,CN,2022-08-02 21:27:52,broken clouds
654,Wageningen,51.9667,5.6667,73.49,77,24,3.44,NL,2022-08-02 21:26:49,few clouds
655,Paris,48.8534,2.3488,80.11,54,0,3.44,FR,2022-08-02 21:26:43,clear sky
656,Plettenberg Bay,-34.0527,23.3716,58.77,54,6,2.64,ZA,2022-08-02 21:27:53,clear sky
657,Altamont,42.2068,-121.7372,85.89,40,54,5.01,US,2022-08-02 21:27:53,broken clouds
658,Aklavik,68.2191,-135.0107,50.0,81,75,13.8,CA,2022-08-02 21:24:15,broken clouds
659,Pasighat,28.0667,95.3333,77.52,87,98,2.48,IN,2022-08-02 21:27:53,overcast clouds
660,Kyra,49.5776,111.9753,61.38,80,58,2.21,RU,2022-08-02 21:27:54,broken clouds
661,Saint-Augustin,51.226,-58.6502,68.86,79,75,19.66,CA,2022-08-02 21:26:40,broken clouds
662,Lenzburg,47.3885,8.175,73.53,68,85,1.01,CH,2022-08-02 21:27:54,overcast clouds
663,Poum,-20.2333,164.0167,74.73,88,64,13.0,NC,2022-08-02 21:27:55,broken clouds
664,Altar,30.7,-111.8167,95.47,31,71,8.61,MX,2022-08-02 21:27:55,broken clouds
665,Cabedelo,-6.9811,-34.8339,75.87,85,7,6.91,BR,2022-08-02 21:27:55,clear sky
666,Vanimo,-2.6741,141.3028,77.59,88,89,6.96,PG,2022-08-02 21:27:55,overcast clouds
667,Bukama,-9.2,25.85,73.53,32,56,2.06,CD,2022-08-02 21:27:56,broken clouds
668,Brokopondo,4.75,-55.1667,82.09,75,76,3.47,SR,2022-08-02 21:27:56,broken clouds
669,Kampot,10.6167,104.1833,77.05,86,100,5.3,KH,2022-08-02 21:27:57,overcast clouds
670,Madona,56.8533,26.217,59.09,90,99,4.27,LV,2022-08-02 21:25:59,overcast clouds
671,Goderich,43.7501,-81.7165,70.92,68,10,9.22,CA,2022-08-02 21:27:57,clear sky
672,Puruandiro,20.0833,-101.5,75.18,54,61,1.68,MX,2022-08-02 21:27:57,broken clouds
673,Catalao,-18.1658,-47.9464,76.06,33,18,6.91,BR,2022-08-02 21:27:58,few clouds
674,Yershov,51.3513,48.2766,66.97,66,0,8.3,RU,2022-08-02 21:27:58,clear sky
675,Beaverlodge,55.2166,-119.4361,65.55,56,75,1.14,CA,2022-08-02 21:25:19,broken clouds
676,Aswan,24.0934,32.907,92.1,18,68,12.55,EG,2022-08-02 21:27:59,broken clouds
677,Caravelas,-17.7125,-39.2481,70.29,83,16,5.17,BR,2022-08-02 21:27:59,few clouds
678,Camocim,-2.9022,-40.8411,79.99,75,25,16.96,BR,2022-08-02 21:27:59,scattered clouds
679,Platanos,37.6667,21.6167,80.08,75,2,2.98,GR,2022-08-02 21:28:00,clear sky
680,Ustye,59.6304,39.736,60.53,80,92,5.79,RU,2022-08-02 21:28:00,overcast clouds
681,Fort Morgan,40.2503,-103.8,94.42,18,12,6.29,US,2022-08-02 21:28:00,few clouds
682,Soligalich,59.0778,42.2864,58.28,83,93,5.08,RU,2022-08-02 21:29:00,overcast clouds
683,Manyana,-23.4,21.7167,58.53,21,87,9.08,BW,2022-08-02 21:29:01,overcast clouds
684,Bulawayo,-20.15,28.5833,52.72,81,1,10.76,ZW,2022-08-02 21:29:01,clear sky
685,Inverbervie,56.8446,-2.28,64.83,82,38,11.72,GB,2022-08-02 21:29:02,scattered clouds
686,Roebourne,-20.7833,117.1333,64.44,63,0,14.88,AU,2022-08-02 21:29:02,clear sky
687,Viljoenskroon,-27.2084,26.9485,55.76,54,100,7.58,ZA,2022-08-02 21:29:02,overcast clouds
688,Sechura,-5.5569,-80.8222,74.62,60,23,13.85,PE,2022-08-02 21:29:03,few clouds
689,Wum,6.3833,10.0667,62.92,98,99,1.99,CM,2022-08-02 21:29:03,overcast clouds
690,Ararat,39.8317,44.7049,84.54,36,3,3.96,AM,2022-08-02 21:29:04,clear sky
